relation,src_user_id,dst_user_id,base_score,abnormal_pair,tns_score,abnormal_tns_interaction,soft_weight_factor,rank_score
UPU,100013,192148,0.11736611,0.10991852,0.0,0.0,1.0549593,0.123816475
UPU,100013,19091,0.058277648,0.11764759,0.0,0.0,1.0588238,0.06170576
UPU,100013,20857,0.0524065,0.11126074,0.0,0.0,1.0556303,0.05532189
UPU,100013,55848,0.044468388,0.09903363,0.0,0.0,1.0495168,0.04667032
UPU,100013,98826,0.040425807,0.14158763,0.0,0.0,1.0707939,0.043287706
UPU,100013,19891,0.038490713,0.0939483,0.0,0.0,1.0469742,0.040298782
UPU,100013,48160,0.03667691,0.105383284,0.0,0.0,1.0526917,0.03860948
UPU,100013,27318,0.034876782,0.13279451,0.0,0.0,1.0663973,0.03719251
UPU,100013,52230,0.03156611,0.10116628,0.0,0.0,1.0505831,0.03316282
UPU,100013,52236,0.02972342,0.13986856,0.0,0.0,1.0699342,0.031802107
UPU,100013,139868,0.02872597,0.15743239,0.0,0.0,1.0787162,0.030987168
UPU,100013,21478,0.025876187,0.14054987,0.0,0.0,1.070275,0.027694635
UPU,100013,9812,0.025139483,0.14009258,0.0,0.0,1.0700463,0.02690041
UPU,100013,57791,0.024859762,0.12504314,0.0,0.0,1.0625216,0.026414033
UPU,100013,67223,0.02328667,0.12773733,0.0,0.0,1.0638686,0.02477396
UPU,100013,35451,0.022234194,0.15631823,0.0,0.0,1.0781591,0.023971999
UPU,100013,134266,0.0216962,0.08927167,0.0,0.0,1.0446359,0.02266463
UPU,100013,62584,0.021515785,0.14088506,0.0,0.0,1.0704426,0.023031412
UPU,100013,127379,0.020958234,0.10685999,0.0,0.0,1.05343,0.022078032
UPU,100013,43476,0.020803925,0.10829131,0.0,0.0,1.0541457,0.021930367
UPU,100019,76230,0.04438109,0.15649262,0.0,0.0,1.0782464,0.04785375
UPU,100019,13281,0.039223004,0.11916441,0.0,0.0,1.0595822,0.041559998
UPU,100019,139834,0.03780961,0.15605824,0.0,0.0,1.0780292,0.04075986
UPU,100019,97593,0.035684567,0.106427535,0.0,0.0,1.0532137,0.037583474
UPU,100019,130881,0.034112465,0.13437286,0.0,0.0,1.0671865,0.03640436
UPU,100019,147055,0.033096936,0.1287149,0.0,0.0,1.0643574,0.035226967
UPU,100019,18637,0.031137327,0.14665112,0.0,0.0,1.0733255,0.03342049
UPU,100019,48375,0.03057364,0.08615411,0.0,0.0,1.0430771,0.031890664
UPU,100019,107621,0.029846627,0.0986543,0.0,0.0,1.0493271,0.031318877
UPU,100019,104406,0.029206388,0.111664414,0.0,0.0,1.0558321,0.030837042
UPU,100019,15692,0.028718498,0.11213934,0.0,0.0,1.0560696,0.030328732
UPU,100019,7966,0.027324742,0.089688145,0.0,0.0,1.044844,0.028550094
UPU,100019,151162,0.027243838,0.089275405,0.0,0.0,1.0446377,0.02845994
UPU,100019,162397,0.026457958,0.103210025,0.0,0.0,1.051605,0.02782332
UPU,100019,80237,0.025050372,0.1334873,0.0,0.0,1.0667436,0.026722325
UPU,100019,65426,0.024699243,0.11307431,0.0,0.0,1.0565372,0.026095668
UPU,100019,219513,0.024350686,0.12429948,0.0,0.0,1.0621498,0.025864076
UPU,100019,36129,0.023720928,0.12146938,0.0,0.0,1.0607347,0.025161613
UPU,100019,48187,0.022399701,0.100666955,0.0,0.0,1.0503335,0.023527157
UPU,100019,139868,0.021644218,0.1565127,0.0,0.0,1.0782564,0.023338016
UPU,100114,27602,0.039740678,0.095486194,0.0,0.0,1.0477431,0.04163802
UPU,100114,15995,0.034046367,0.13092366,0.0,0.0,1.0654619,0.036275107
UPU,100114,103780,0.03354259,0.14319356,0.0,0.0,1.0715967,0.035944127
UPU,100114,103778,0.025432225,0.11348098,0.0,0.0,1.0567405,0.026875263
UPU,100114,67356,0.02138095,0.109879635,0.0,0.0,1.0549399,0.022555616
UPU,100114,20370,0.020289326,0.10121993,0.0,0.0,1.05061,0.021316167
UPU,100114,45251,0.01918977,0.1315383,0.0,0.0,1.0657692,0.020451864
UPU,100114,21472,0.016331384,0.07974228,0.0,0.0,1.0398711,0.016982535
UPU,100114,62627,0.0145572005,0.11034114,0.0,0.0,1.0551705,0.015360329
UPU,100114,53146,0.013831576,0.10902304,0.0,0.0,1.0545115,0.014585557
UPU,100114,52279,0.012966441,0.10606198,0.0,0.0,1.053031,0.013654063
UPU,100114,103774,0.012435858,0.1435036,0.0,0.0,1.0717518,0.013328154
UPU,100114,21447,0.0120045915,0.11421804,0.0,0.0,1.057109,0.012690161
UPU,100114,103783,0.0116301635,0.14262113,0.0,0.0,1.0713105,0.0124595165
UPU,100114,98674,0.010536433,0.1436496,0.0,0.0,1.0718248,0.01129321
UPU,100114,84076,0.009752537,0.10363572,0.0,0.0,1.0518179,0.010257893
UPU,100114,49364,0.008961133,0.11895971,0.0,0.0,1.0594798,0.00949414
UPU,100114,190752,0.007856772,0.117604166,0.0,0.0,1.0588021,0.008318767
UPU,100114,103584,0.0070834723,0.13233583,0.0,0.0,1.066168,0.007552171
UPU,100114,104406,0.0069792517,0.10529611,0.0,0.0,1.0526481,0.0073466958
UPU,100179,30029,0.05687742,0.11117208,0.0,0.0,1.0555861,0.060039014
UPU,100179,42404,0.052147437,0.09731969,0.0,0.0,1.0486598,0.054684922
UPU,100179,149590,0.03295701,0.1280037,0.0,0.0,1.0640018,0.035066318
UPU,100179,13637,0.029222626,0.09537519,0.0,0.0,1.0476876,0.030616185
UPU,100179,48402,0.025534496,0.17227176,0.0,0.0,1.0861359,0.027733931
UPU,100179,5765,0.02164766,0.12135757,0.0,0.0,1.0606788,0.022961214
UPU,100179,13648,0.019125544,0.12693578,0.0,0.0,1.0634679,0.020339401
UPU,100179,202372,0.017942265,0.0921065,0.0,0.0,1.0460533,0.018768566
UPU,100179,22908,0.015380086,0.19232158,0.0,0.0,1.0961608,0.016859047
UPU,100179,23593,0.01531263,0.11260122,0.0,0.0,1.0563006,0.016174741
UPU,100179,30167,0.014330653,0.127701,0.0,0.0,1.0638505,0.015245672
UPU,100179,44118,0.014127603,0.12407255,0.0,0.0,1.0620363,0.015004027
UPU,100179,70813,0.011222218,0.18477951,0.0,0.0,1.0923897,0.012259035
UPU,100179,81174,0.010056845,0.19071116,0.0,0.0,1.0953556,0.011015821
UPU,100179,74780,0.0099629415,0.17141631,0.0,0.0,1.0857081,0.010816847
UPU,100179,12256,0.008770743,0.18110563,0.0,0.0,1.0905528,0.0095649585
UPU,100179,15462,0.007829455,0.18722516,0.0,0.0,1.0936126,0.00856239
UPU,100179,24650,0.0073486473,0.19243407,0.0,0.0,1.096217,0.008055712
UPU,100179,112136,0.0068102023,0.19133908,0.0,0.0,1.0956695,0.007461731
UPU,100179,70828,0.0065333573,0.14984041,0.0,0.0,1.0749202,0.0070228376
UPU,10021,118114,0.07886188,0.22819795,0.0,0.0,1.114099,0.08785994
UPU,10021,177017,0.04743142,0.29717687,0.0,0.0,1.1485884,0.05447918
UPU,10021,36885,0.025540136,0.1381197,0.0,0.0,1.0690598,0.027303934
UPU,10021,186474,0.022519046,0.36387667,0.0,0.0,1.1819383,0.026616123
UPU,10021,58241,0.018571978,0.3772169,0.0,0.0,1.1886084,0.02207481
UPU,10021,7359,0.018038055,0.16215628,0.0,0.0,1.0810782,0.019500548
UPU,10021,10073,0.013185066,0.169746,0.0,0.0,1.084873,0.014304122
UPU,10021,10044,0.011156219,0.16012378,0.0,0.0,1.0800619,0.012049408
UPU,10021,11662,0.00911101,0.1466229,0.0,0.0,1.0733114,0.009778951
UPU,10021,70022,0.008177661,0.24322742,0.0,0.0,1.1216137,0.009172177
UPU,10021,10343,0.0074628685,0.14936453,0.0,0.0,1.0746822,0.008020212
UPU,10021,26335,0.0069214157,0.16020043,0.0,0.0,1.0801002,0.007475822
UPU,10021,65842,0.005966948,0.22847827,0.0,0.0,1.1142391,0.0066486066
UPU,10021,170162,0.0058234306,0.3278227,0.0,0.0,1.1639113,0.006777957
UPU,10021,6793,0.005315257,0.13609026,0.0,0.0,1.0680451,0.005676934
UPU,10021,130173,0.0044446792,0.13408186,0.0,0.0,1.0670409,0.0047426545
UPU,10021,10072,0.004377988,0.2123003,0.0,0.0,1.1061502,0.004842712
UPU,10021,36931,0.0035471777,0.18079808,0.0,0.0,1.090399,0.003867839
UPU,10021,10106,0.0029324088,0.23869126,0.0,0.0,1.1193457,0.0032823791
UPU,10021,26507,0.0028431166,0.15339836,0.0,0.0,1.0766991,0.0030611812
UPU,100341,19636,0.13496667,0.19205576,0.0,0.0,1.0960279,0.14792722
UPU,100341,128650,0.13285781,0.20387292,0.0,0.0,1.1019365,0.14640087
UPU,100341,64471,0.112968996,0.20365708,0.0,0.0,1.1018286,0.12447247
UPU,100341,77772,0.106311135,0.1744403,0.0,0.0,1.0872202,0.11558361
UPU,100341,93910,0.105343364,0.2077796,0.0,0.0,1.1038898,0.11628747
UPU,100341,8760,0.08232898,0.1877109,0.0,0.0,1.0938555,0.09005601
UPU,100341,90716,0.07060247,0.1388002,0.0,0.0,1.0694001,0.075502284
UPU,100341,91790,0.069469094,0.19378956,0.0,0.0,1.0968947,0.076200284
UPU,100341,48197,0.06803913,0.19839837,0.0,0.0,1.0991992,0.074788556
UPU,100341,89775,0.057167046,0.20415199,0.0,0.0,1.102076,0.06300243
UPU,100341,75521,0.052945472,0.122670606,0.0,0.0,1.0613353,0.0561929
UPU,100341,34180,0.048881777,0.121540345,0.0,0.0,1.0607702,0.05185233
UPU,100341,23123,0.04554893,0.10169859,0.0,0.0,1.0508493,0.047865063
UPU,100341,100453,0.042363375,0.097370274,0.0,0.0,1.0486852,0.044425845
UPU,100341,106606,0.039266575,0.11800422,0.0,0.0,1.0590022,0.04158339
UPU,100341,9303,0.03827638,0.19506404,0.0,0.0,1.097532,0.042009555
UPU,100341,144966,0.035680816,0.1957352,0.0,0.0,1.0978676,0.039172813
UPU,100341,100438,0.034490537,0.19193168,0.0,0.0,1.0959659,0.03780045
UPU,100341,52692,0.034367766,0.18663545,0.0,0.0,1.0933177,0.037574887
UPU,100341,131851,0.03303156,0.16268313,0.0,0.0,1.0813415,0.035718396
UPU,100349,152014,0.17565747,0.32705152,0.0,0.0,1.1635258,0.204382
UPU,100349,100357,0.115393974,0.32827282,0.0,0.0,1.1641364,0.13433433
UPU,100349,40735,0.10826196,0.26893187,0.0,0.0,1.1344659,0.122819506
UPU,100349,100358,0.09678204,0.32130492,0.0,0.0,1.1606524,0.11233031
UPU,100349,125406,0.09410222,0.32838893,0.0,0.0,1.1641945,0.109553285
UPU,100349,103824,0.08665715,0.18840143,0.0,0.0,1.0942007,0.09482032
UPU,100349,123620,0.082339436,0.3281527,0.0,0.0,1.1640763,0.09584939
UPU,100349,21985,0.08056704,0.27755943,0.0,0.0,1.1387798,0.09174811
UPU,100349,100409,0.0796265,0.20343016,0.0,0.0,1.1017151,0.087725714
UPU,100349,52551,0.06614079,0.20507783,0.0,0.0,1.102539,0.0729228
UPU,100349,100453,0.055050336,0.10958717,0.0,0.0,1.0547936,0.05806674
UPU,100349,103601,0.052003857,0.32481205,0.0,0.0,1.162406,0.060449593
UPU,100349,152023,0.04971438,0.3282036,0.0,0.0,1.1641018,0.0578726
UPU,100349,56678,0.04567722,0.32830086,0.0,0.0,1.1641505,0.053175155
UPU,100349,46742,0.043744437,0.23558849,0.0,0.0,1.1177943,0.04889728
UPU,100349,38297,0.038283467,0.21357326,0.0,0.0,1.1067866,0.04237163
UPU,100349,121010,0.038186405,0.24627283,0.0,0.0,1.1231364,0.04288854
UPU,100349,100438,0.034093674,0.24600449,0.0,0.0,1.1230023,0.038287275
UPU,100349,9303,0.030307034,0.25845513,0.0,0.0,1.1292275,0.034223538
UPU,100349,56427,0.02933667,0.21829242,0.0,0.0,1.1091462,0.032538656
UPU,100357,100358,0.15001217,0.34563205,0.0,0.0,1.172816,0.17593667
UPU,100357,100349,0.115393974,0.32827282,0.0,0.0,1.1641364,0.13433433
UPU,100357,21985,0.08883032,0.2839244,0.0,0.0,1.1419622,0.10144087
UPU,100357,16095,0.08236431,0.43505555,0.0,0.0,1.2175277,0.100280836
UPU,100357,40735,0.07423677,0.2745509,0.0,0.0,1.1372755,0.08442766
UPU,100357,46742,0.07204966,0.23854372,0.0,0.0,1.1192719,0.08064316
UPU,100357,28799,0.0692667,0.28665215,0.0,0.0,1.143326,0.07919442
UPU,100357,100453,0.06897111,0.106822714,0.0,0.0,1.0534114,0.072654955
UPU,100357,123446,0.056549583,0.19201003,0.0,0.0,1.096005,0.061978623
UPU,100357,100409,0.049935263,0.20419376,0.0,0.0,1.1020969,0.055033498
UPU,100357,100438,0.045458235,0.24975234,0.0,0.0,1.1248761,0.051134884
UPU,100357,9303,0.038340226,0.26319844,0.0,0.0,1.1315992,0.04338577
UPU,100357,89742,0.03633866,0.32726303,0.0,0.0,1.1636316,0.042284813
UPU,100357,64471,0.03383733,0.31588337,0.0,0.0,1.1579417,0.039181653
UPU,100357,41504,0.033670664,0.11285492,0.0,0.0,1.0564275,0.035570614
UPU,100357,12198,0.03356015,0.3475693,0.0,0.0,1.1737846,0.039392386
UPU,100357,56678,0.030217236,0.45888615,0.0,0.0,1.2294431,0.03715037
UPU,100357,164883,0.02791517,0.21752924,0.0,0.0,1.1087646,0.030951355
UPU,100357,40738,0.026285943,0.28233328,0.0,0.0,1.1411667,0.029996643
UPU,100357,100341,0.026157252,0.20579611,0.0,0.0,1.102898,0.028848782
UPU,100358,100357,0.15001217,0.34563205,0.0,0.0,1.172816,0.17593667
UPU,100358,100438,0.11336192,0.2479842,0.0,0.0,1.1239921,0.12741789
UPU,100358,100349,0.09678204,0.32130492,0.0,0.0,1.1606524,0.11233031
UPU,100358,68966,0.09045912,0.15278722,0.0,0.0,1.0763936,0.09736962
UPU,100358,125411,0.08519525,0.3395912,0.0,0.0,1.1697956,0.09966103
UPU,100358,57607,0.07925139,0.34498113,0.0,0.0,1.1724906,0.09292151
UPU,100358,100453,0.0779284,0.10995397,0.0,0.0,1.0549769,0.082212664
UPU,100358,21985,0.07070169,0.28004125,0.0,0.0,1.1400206,0.08060138
UPU,100358,46742,0.068046905,0.23741074,0.0,0.0,1.1187054,0.07612444
UPU,100358,40735,0.06495717,0.2712729,0.0,0.0,1.1356364,0.07376773
UPU,100358,22683,0.06476659,0.18996593,0.0,0.0,1.094983,0.070918314
UPU,100358,37572,0.062408183,0.1330499,0.0,0.0,1.066525,0.06655989
UPU,100358,12250,0.062152933,0.31554165,0.0,0.0,1.1577709,0.071958855
UPU,100358,193603,0.054993298,0.20758186,0.0,0.0,1.1037909,0.060701102
UPU,100358,191998,0.05409222,0.345734,0.0,0.0,1.1728671,0.06344298
UPU,100358,103602,0.050763045,0.3456632,0.0,0.0,1.1728315,0.059536498
UPU,100358,125421,0.046470135,0.34297302,0.0,0.0,1.1714865,0.054439135
UPU,100358,125339,0.046051487,0.33958626,0.0,0.0,1.1697931,0.053870715
UPU,100358,9303,0.04359231,0.26062864,0.0,0.0,1.1303144,0.049273014
UPU,100358,100409,0.042698268,0.20479593,0.0,0.0,1.1023979,0.04707048
UPU,100374,171075,0.12861688,0.42515257,0.0,0.0,1.2125763,0.15595779
UPU,100374,109565,0.11710461,0.36718065,0.0,0.0,1.1835903,0.13860388
UPU,100374,103627,0.10664887,0.35596344,0.0,0.0,1.1779817,0.12563042
UPU,100374,19962,0.09683244,0.21762517,0.0,0.0,1.1088126,0.10736903
UPU,100374,116907,0.08627784,0.43077582,0.0,0.0,1.215388,0.10486105
UPU,100374,23827,0.07423677,0.22559677,0.0,0.0,1.1127983,0.082610555
UPU,100374,144887,0.0730245,0.37403926,0.0,0.0,1.1870196,0.08668151
UPU,100374,125731,0.071981706,0.17541765,0.0,0.0,1.0877088,0.078295134
UPU,100374,106398,0.06968595,0.43998027,0.0,0.0,1.2199901,0.085016176
UPU,100374,105125,0.066769995,0.24303913,0.0,0.0,1.1215196,0.074883856
UPU,100374,88655,0.063465595,0.38241443,0.0,0.0,1.1912072,0.07560067
UPU,100374,159386,0.06247706,0.22986111,0.0,0.0,1.1149305,0.06965758
UPU,100374,14314,0.05930621,0.25857016,0.0,0.0,1.1292851,0.06697362
UPU,100374,148846,0.05775949,0.4316488,0.0,0.0,1.2158244,0.070225395
UPU,100374,21310,0.05569923,0.13134474,0.0,0.0,1.0656724,0.059357133
UPU,100374,98708,0.055327334,0.17781883,0.0,0.0,1.0889094,0.060246453
UPU,100374,75521,0.054893386,0.13722697,0.0,0.0,1.0686135,0.058659814
UPU,100374,67924,0.051457953,0.3875245,0.0,0.0,1.1937623,0.061428566
UPU,100374,100376,0.050946806,0.45160073,0.0,0.0,1.2258004,0.062450614
UPU,100374,192052,0.050259262,0.36624417,0.0,0.0,1.183122,0.05946284
UTU,100013,25825,0.19224373,0.15283555,0.0,0.0,1.0764178,0.20693457
UTU,100013,85022,0.18340933,0.15707114,0.0,0.0,1.0785356,0.19781348
UTU,100013,113922,0.17622341,0.1570434,0.0,0.0,1.0785217,0.19006078
UTU,100013,107600,0.15006217,0.15731613,0.0,0.0,1.0786581,0.16186579
UTU,100013,23280,0.13761447,0.10908071,0.0,0.0,1.0545404,0.14512002
UTU,100013,65426,0.1316012,0.1134572,0.0,0.0,1.0567286,0.13906676
UTU,100013,80072,0.11099196,0.14611818,0.0,0.0,1.0730591,0.119100936
UTU,100013,143978,0.10589143,0.118933775,0.0,0.0,1.0594668,0.11218846
UTU,100013,131148,0.10589143,0.14791265,0.0,0.0,1.0739564,0.11372277
UTU,100013,223575,0.10174263,0.15723257,0.0,0.0,1.0786163,0.109741256
UTU,100013,44651,0.0994303,0.15657888,0.0,0.0,1.0782894,0.10721464
UTU,100013,11433,0.09451983,0.15443496,0.0,0.0,1.0772175,0.10181841
UTU,100013,112181,0.0924933,0.15136322,0.0,0.0,1.0756816,0.09949334
UTU,100013,63686,0.092462555,0.15140028,0.0,0.0,1.0757002,0.09946199
UTU,100013,21287,0.088459976,0.13883664,0.0,0.0,1.0694183,0.094600715
UTU,100013,119108,0.087349325,0.13048576,0.0,0.0,1.0652429,0.093048245
UTU,100013,12874,0.08381034,0.09853176,0.0,0.0,1.0492659,0.08793932
UTU,100013,67434,0.0816835,0.14240849,0.0,0.0,1.0712042,0.08749971
UTU,100013,46591,0.07754916,0.15738757,0.0,0.0,1.0786937,0.083651796
UTU,100013,8257,0.07749057,0.10033222,0.0,0.0,1.0501661,0.08137797
UTU,100019,36129,0.20904952,0.12146938,0.0,0.0,1.0607347,0.22174609
UTU,100019,162397,0.17394221,0.103210025,0.0,0.0,1.051605,0.18291849
UTU,100019,148302,0.14782034,0.15241738,0.0,0.0,1.0762087,0.15908554
UTU,100019,48375,0.14782034,0.08615411,0.0,0.0,1.0430771,0.154188
UTU,100019,99980,0.14782034,0.10285476,0.0,0.0,1.0514274,0.15542234
UTU,100019,104866,0.13828354,0.13538758,0.0,0.0,1.0676938,0.14764448
UTU,100019,9812,0.13479033,0.13931246,0.0,0.0,1.0696563,0.14417931
UTU,100019,10640,0.13351879,0.09883596,0.0,0.0,1.049418,0.14011702
UTU,100019,13281,0.113146774,0.11916441,0.0,0.0,1.0595822,0.11988831
UTU,100019,68779,0.11252505,0.11559824,0.0,0.0,1.0577991,0.1190289
UTU,100019,130011,0.11252505,0.1460415,0.0,0.0,1.0730207,0.12074171
UTU,100019,155652,0.1070175,0.08455749,0.0,0.0,1.0422788,0.11154207
UTU,100019,76171,0.1067726,0.11348836,0.0,0.0,1.0567442,0.11283133
UTU,100019,178222,0.1033604,0.09711069,0.0,0.0,1.0485554,0.1083791
UTU,100019,21441,0.102339275,0.15604036,0.0,0.0,1.0780202,0.11032381
UTU,100019,13921,0.10223878,0.1389536,0.0,0.0,1.0694768,0.10934201
UTU,100019,6323,0.1002974,0.15626375,0.0,0.0,1.0781319,0.10813383
UTU,100019,54010,0.09870697,0.15650228,0.0,0.0,1.0782511,0.106430896
UTU,100019,19038,0.098067105,0.09491679,0.0,0.0,1.0474584,0.102721214
UTU,100019,36810,0.096776366,0.15650037,0.0,0.0,1.0782502,0.10434914
UTU,100114,87108,0.16154698,0.13981819,0.0,0.0,1.0699091,0.17284058
UTU,100114,15995,0.13070902,0.13092366,0.0,0.0,1.0654619,0.13926548
UTU,100114,123912,0.12868749,0.14342447,0.0,0.0,1.0717123,0.13791595
UTU,100114,101314,0.12815696,0.14262742,0.0,0.0,1.0713137,0.13729632
UTU,100114,91546,0.0966608,0.08641242,0.0,0.0,1.0432062,0.10083715
UTU,100114,139800,0.07710197,0.101038344,0.0,0.0,1.0505192,0.0809971
UTU,100114,106056,0.07234588,0.10739743,0.0,0.0,1.0536987,0.07623076
UTU,100114,119108,0.07036948,0.119730055,0.0,0.0,1.059865,0.07458215
UTU,100114,12989,0.06927255,0.111955516,0.0,0.0,1.0559777,0.07315027
UTU,100114,100976,0.06793714,0.09560154,0.0,0.0,1.0478008,0.07118459
UTU,100114,37042,0.06692492,0.12871902,0.0,0.0,1.0643595,0.07123218
UTU,100114,33523,0.061080713,0.12690322,0.0,0.0,1.0634516,0.06495638
UTU,100114,48188,0.057526678,0.12838167,0.0,0.0,1.0641909,0.061219364
UTU,100114,12739,0.054711375,0.11912086,0.0,0.0,1.0595604,0.057970006
UTU,100114,35911,0.048677966,0.08006055,0.0,0.0,1.0400302,0.050626557
UTU,100114,12776,0.04831602,0.10007623,0.0,0.0,1.0500381,0.050733663
UTU,100114,107621,0.045690056,0.09379362,0.0,0.0,1.0468968,0.047832776
UTU,100114,53245,0.043847263,0.13041952,0.0,0.0,1.0652097,0.04670653
UTU,100114,11603,0.041415032,0.12661272,0.0,0.0,1.0633063,0.044036865
UTU,100114,53115,0.03818614,0.120518,0.0,0.0,1.060259,0.0404872
UTU,100179,105382,0.14081277,0.10159482,0.0,0.0,1.0507975,0.1479657
UTU,100179,119216,0.13482073,0.19244811,0.0,0.0,1.0962241,0.14779373
UTU,100179,181601,0.13122551,0.19225739,0.0,0.0,1.0961287,0.14384004
UTU,100179,125322,0.12863939,0.19211404,0.0,0.0,1.096057,0.1409961
UTU,100179,134635,0.12863939,0.19241361,0.0,0.0,1.0962068,0.14101537
UTU,100179,156172,0.1260566,0.19214389,0.0,0.0,1.096072,0.1381671
UTU,100179,192167,0.1260566,0.1924459,0.0,0.0,1.096223,0.13818614
UTU,100179,79921,0.1260566,0.17924878,0.0,0.0,1.0896244,0.13735434
UTU,100179,11244,0.120692484,0.18036488,0.0,0.0,1.0901824,0.13157682
UTU,100179,28523,0.120692484,0.19239663,0.0,0.0,1.0961983,0.1323029
UTU,100179,106498,0.104600154,0.19107585,0.0,0.0,1.0955379,0.11459343
UTU,100179,108599,0.09956966,0.19243872,0.0,0.0,1.0962193,0.109150186
UTU,100179,212790,0.09956966,0.19128442,0.0,0.0,1.0956422,0.10909273
UTU,100179,50454,0.09956966,0.19022103,0.0,0.0,1.0951105,0.10903979
UTU,100179,10762,0.09879251,0.192429,0.0,0.0,1.0962145,0.10829778
UTU,100179,149211,0.09533265,0.1690518,0.0,0.0,1.084526,0.10339074
UTU,100179,58789,0.09533265,0.1922103,0.0,0.0,1.0961051,0.10449461
UTU,100179,192266,0.09500453,0.18983859,0.0,0.0,1.0949193,0.104022294
UTU,100179,246147,0.09500453,0.18859382,0.0,0.0,1.0942969,0.10396317
UTU,100179,113593,0.09109565,0.09951232,0.0,0.0,1.0497562,0.09562822
UTU,10021,128288,0.20647058,0.35317886,0.0,0.0,1.1765895,0.24293111
UTU,10021,54595,0.1751961,0.1861992,0.0,0.0,1.0930996,0.19150679
UTU,10021,106353,0.16059642,0.405396,0.0,0.0,1.202698,0.19314899
UTU,10021,116676,0.16059642,0.36076874,0.0,0.0,1.1803844,0.18956551
UTU,10021,152429,0.16059642,0.40462494,0.0,0.0,1.2023125,0.19308707
UTU,10021,26573,0.16059642,0.40409276,0.0,0.0,1.2020464,0.19304433
UTU,10021,92472,0.16059642,0.36360472,0.0,0.0,1.1818024,0.18979323
UTU,10021,120069,0.143047,0.4032099,0.0,0.0,1.201605,0.171886
UTU,10021,56329,0.143047,0.2261351,0.0,0.0,1.1130675,0.15922098
UTU,10021,33302,0.13827878,0.24300227,0.0,0.0,1.1215011,0.15507981
UTU,10021,40752,0.13351054,0.40560335,0.0,0.0,1.2028017,0.16058671
UTU,10021,40351,0.13112643,0.37439573,0.0,0.0,1.1871979,0.15567303
UTU,10021,97601,0.13112643,0.3950975,0.0,0.0,1.1975487,0.1570303
UTU,10021,136145,0.13112643,0.30131516,0.0,0.0,1.1506575,0.15088162
UTU,10021,85837,0.121301465,0.29342303,0.0,0.0,1.1467115,0.13909778
UTU,10021,159983,0.11920584,0.20759122,0.0,0.0,1.1037956,0.13157889
UTU,10021,26991,0.116508394,0.34054384,0.0,0.0,1.1702719,0.1363465
UTU,10021,111980,0.113558814,0.18652523,0.0,0.0,1.0932627,0.12414961
UTU,10021,43653,0.113558814,0.2611485,0.0,0.0,1.1305742,0.12838666
UTU,10021,47809,0.113558814,0.34512457,0.0,0.0,1.1725622,0.13315478
UTU,100341,93910,0.2795092,0.2077796,0.0,0.0,1.1038898,0.30854735
UTU,100341,64471,0.21312816,0.20365708,0.0,0.0,1.1018286,0.2348307
UTU,100341,86714,0.17503177,0.20709723,0.0,0.0,1.1035486,0.19315606
UTU,100341,12210,0.1531528,0.20719849,0.0,0.0,1.1035992,0.1690193
UTU,100341,18264,0.15245955,0.20731755,0.0,0.0,1.1036588,0.16826332
UTU,100341,192195,0.15245955,0.20789023,0.0,0.0,1.1039451,0.16830698
UTU,100341,25872,0.15245955,0.20246372,0.0,0.0,1.1012318,0.1678933
UTU,100341,67773,0.15245955,0.18592563,0.0,0.0,1.0929629,0.16663262
UTU,100341,31812,0.15070437,0.20588844,0.0,0.0,1.1029443,0.16621852
UTU,100341,5286,0.14558554,0.20679885,0.0,0.0,1.1033994,0.16063899
UTU,100341,48499,0.14293082,0.19341452,0.0,0.0,1.0967072,0.15675326
UTU,100341,85392,0.14293082,0.1921207,0.0,0.0,1.0960604,0.15666081
UTU,100341,48197,0.13993977,0.19839837,0.0,0.0,1.0991992,0.15382168
UTU,100341,39070,0.13889822,0.2061289,0.0,0.0,1.1030644,0.1532137
UTU,100341,92456,0.13814567,0.20795733,0.0,0.0,1.1039786,0.15250987
UTU,100341,72722,0.13557902,0.14831795,0.0,0.0,1.074159,0.14563343
UTU,100341,21985,0.13395944,0.19910036,0.0,0.0,1.0995501,0.14729512
UTU,100341,108346,0.12589481,0.1847879,0.0,0.0,1.092394,0.13752674
UTU,100341,139840,0.12387338,0.19846514,0.0,0.0,1.0992326,0.13616565
UTU,100341,185474,0.114344664,0.20740545,0.0,0.0,1.1037028,0.12620252
UTU,100349,152014,0.4056329,0.32705152,0.0,0.0,1.1635258,0.47196436
UTU,100349,125406,0.31550837,0.32838893,0.0,0.0,1.1641945,0.3673131
UTU,100349,56678,0.27099392,0.32830086,0.0,0.0,1.1641505,0.3154777
UTU,100349,106232,0.2230981,0.32424718,0.0,0.0,1.1621236,0.25926757
UTU,100349,50494,0.21295728,0.32330668,0.0,0.0,1.1616533,0.24738252
UTU,100349,118181,0.20281646,0.32805395,0.0,0.0,1.164027,0.23608382
UTU,100349,224854,0.20281646,0.3213147,0.0,0.0,1.1606574,0.23540042
UTU,100349,146911,0.17209546,0.18839619,0.0,0.0,1.0941981,0.18830653
UTU,100349,65031,0.17209546,0.32852852,0.0,0.0,1.1642642,0.20036459
UTU,100349,44730,0.15775418,0.27255246,0.0,0.0,1.1362762,0.17925233
UTU,100349,46661,0.15775418,0.265684,0.0,0.0,1.1328421,0.17871058
UTU,100349,49880,0.15775418,0.32853886,0.0,0.0,1.1642694,0.18366838
UTU,100349,150449,0.15058354,0.18098955,0.0,0.0,1.0904948,0.16421056
UTU,100349,29437,0.14341289,0.12570782,0.0,0.0,1.0628539,0.15242696
UTU,100349,55664,0.14136413,0.28837898,0.0,0.0,1.1441895,0.16174735
UTU,100349,151643,0.14051536,0.31021118,0.0,0.0,1.1551056,0.16231008
UTU,100349,84342,0.14051536,0.15597829,0.0,0.0,1.0779891,0.15147403
UTU,100349,87997,0.1334896,0.17488839,0.0,0.0,1.0874442,0.14516248
UTU,100349,90258,0.1290716,0.28074974,0.0,0.0,1.1403749,0.14719
UTU,100349,9217,0.1290716,0.25203994,0.0,0.0,1.12602,0.1453372
UTU,100357,100358,0.29351044,0.34563205,0.0,0.0,1.172816,0.34423375
UTU,100357,13019,0.216977,0.42252344,0.0,0.0,1.2112617,0.26281595
UTU,100357,144514,0.20754322,0.40297142,0.0,0.0,1.2014858,0.24936023
UTU,100357,223663,0.20754322,0.33532885,0.0,0.0,1.1676644,0.24234083
UTU,100357,76841,0.20754322,0.21651639,0.0,0.0,1.1082582,0.2300115
UTU,100357,33684,0.1999962,0.35217896,0.0,0.0,1.1760895,0.23521344
UTU,100357,139614,0.18867566,0.24874777,0.0,0.0,1.1243739,0.21214199
UTU,100357,24923,0.18867566,0.38722336,0.0,0.0,1.1936116,0.22520545
UTU,100357,178760,0.1600966,0.4119127,0.0,0.0,1.2059563,0.19306952
UTU,100357,27158,0.1600966,0.33378798,0.0,0.0,1.166894,0.18681575
UTU,100357,31041,0.1600966,0.36828738,0.0,0.0,1.1841437,0.18957737
UTU,100357,118202,0.14675522,0.31923777,0.0,0.0,1.1596189,0.17018011
UTU,100357,13020,0.14675522,0.34995484,0.0,0.0,1.1749774,0.17243406
UTU,100357,21780,0.14675522,0.13587229,0.0,0.0,1.0679362,0.15672521
UTU,100357,125411,0.14675522,0.35911226,0.0,0.0,1.1795561,0.17310601
UTU,100357,41000,0.14675522,0.38695905,0.0,0.0,1.1934795,0.17514935
UTU,100357,104769,0.13341384,0.19063352,0.0,0.0,1.0953168,0.14613041
UTU,100357,27906,0.13341384,0.14559498,0.0,0.0,1.0727975,0.14312604
UTU,100357,61244,0.13071834,0.16537935,0.0,0.0,1.0826896,0.14152738
UTU,100357,62966,0.13071834,0.30029252,0.0,0.0,1.1501462,0.1503452
UTU,100358,100357,0.29351044,0.34563205,0.0,0.0,1.172816,0.34423375
UTU,100358,125411,0.18867566,0.3395912,0.0,0.0,1.1697956,0.22071196
UTU,100358,110949,0.16207299,0.28736177,0.0,0.0,1.1436809,0.18535979
UTU,100358,144514,0.1600966,0.34432754,0.0,0.0,1.1721637,0.18765943
UTU,100358,13019,0.14008453,0.34533957,0.0,0.0,1.1726698,0.1642729
UTU,100358,129050,0.1389197,0.29316872,0.0,0.0,1.1465844,0.15928316
UTU,100358,80585,0.1389197,0.21168655,0.0,0.0,1.1058433,0.15362342
UTU,100358,29876,0.13367555,0.30731258,0.0,0.0,1.1536562,0.15421563
UTU,100358,223663,0.13341384,0.32783976,0.0,0.0,1.1639199,0.15528302
UTU,100358,76841,0.13341384,0.21653534,0.0,0.0,1.1082677,0.14785825
UTU,100358,17653,0.1317659,0.34270266,0.0,0.0,1.1713513,0.15434416
UTU,100358,34681,0.12832853,0.34536067,0.0,0.0,1.1726804,0.15048835
UTU,100358,33684,0.12807728,0.33849657,0.0,0.0,1.1692483,0.14975415
UTU,100358,6061,0.12030799,0.34305668,0.0,0.0,1.1715283,0.14094421
UTU,100358,97998,0.12030799,0.34334615,0.0,0.0,1.171673,0.14096163
UTU,100358,86985,0.120190226,0.26401836,0.0,0.0,1.1320091,0.13605644
UTU,100358,139614,0.120072454,0.24703781,0.0,0.0,1.123519,0.13490368
UTU,100358,24923,0.120072454,0.34303948,0.0,0.0,1.1715198,0.14066726
UTU,100358,179805,0.11342746,0.2877405,0.0,0.0,1.1438702,0.12974629
UTU,100358,33297,0.11342746,0.22328494,0.0,0.0,1.1116425,0.12609078
UTU,100374,50468,0.2193655,0.39489195,0.0,0.0,1.197446,0.26267835
UTU,100374,57787,0.18280458,0.26459143,0.0,0.0,1.1322957,0.20698886
UTU,100374,99565,0.18280458,0.14575861,0.0,0.0,1.0728793,0.19612725
UTU,100374,142133,0.17823447,0.346383,0.0,0.0,1.1731915,0.20910318
UTU,100374,103627,0.16418526,0.35596344,0.0,0.0,1.1779817,0.19340724
UTU,100374,112136,0.14542016,0.43648183,0.0,0.0,1.218241,0.1771568
UTU,100374,25030,0.1421886,0.44127604,0.0,0.0,1.220638,0.17356081
UTU,100374,145625,0.12665074,0.317966,0.0,0.0,1.158983,0.14678605
UTU,100374,191473,0.12665074,0.41366583,0.0,0.0,1.2068329,0.15284628
UTU,100374,34156,0.12665074,0.37231955,0.0,0.0,1.1861597,0.15022801
UTU,100374,48564,0.12665074,0.38389394,0.0,0.0,1.191947,0.15096097
UTU,100374,57989,0.12665074,0.1959284,0.0,0.0,1.0979642,0.13905796
UTU,100374,65768,0.12665074,0.24608284,0.0,0.0,1.1230414,0.14223401
UTU,100374,50739,0.1260308,0.29302678,0.0,0.0,1.1465133,0.144496
UTU,100374,93957,0.12409187,0.36407956,0.0,0.0,1.1820397,0.14668152
UTU,100374,13265,0.116096504,0.31064802,0.0,0.0,1.155324,0.13412908
UTU,100374,62966,0.116096504,0.30053455,0.0,0.0,1.1502672,0.133542
UTU,100374,81072,0.116096504,0.24369319,0.0,0.0,1.1218466,0.13024247
UTU,100374,102841,0.10554228,0.1919341,0.0,0.0,1.095967,0.11567086
UTU,100374,131952,0.10554228,0.24666192,0.0,0.0,1.123331,0.118558906
USU,100013,100695,1.0,0.15649253,0.0,0.0,1.0782462,1.0782462
USU,100013,101212,1.0,0.15667853,0.0,0.0,1.0783392,1.0783392
USU,100013,101720,1.0,0.15709502,0.0,0.0,1.0785475,1.0785475
USU,100013,101976,1.0,0.15727957,0.0,0.0,1.0786397,1.0786397
USU,100013,102147,1.0,0.15667848,0.0,0.0,1.0783392,1.0783392
USU,100013,102154,1.0,0.15492909,0.0,0.0,1.0774646,1.0774646
USU,100013,102158,1.0,0.15665148,0.0,0.0,1.0783257,1.0783257
USU,100013,102177,1.0,0.15470433,0.0,0.0,1.0773522,1.0773522
USU,100013,102469,1.0,0.13508396,0.0,0.0,1.067542,1.067542
USU,100013,102509,1.0,0.13529444,0.0,0.0,1.0676472,1.0676472
USU,100013,102557,1.0,0.15592009,0.0,0.0,1.07796,1.07796
USU,100013,10263,1.0,0.14276963,0.0,0.0,1.0713848,1.0713848
USU,100013,102694,1.0,0.1559338,0.0,0.0,1.0779669,1.0779669
USU,100013,102813,1.0,0.15716112,0.0,0.0,1.0785806,1.0785806
USU,100013,10296,1.0,0.1363911,0.0,0.0,1.0681956,1.0681956
USU,100013,103139,1.0,0.14023009,0.0,0.0,1.0701151,1.0701151
USU,100013,103148,1.0,0.15728171,0.0,0.0,1.0786408,1.0786408
USU,100013,103164,1.0,0.15700622,0.0,0.0,1.0785031,1.0785031
USU,100013,103349,1.0,0.09067772,0.0,0.0,1.0453389,1.0453389
USU,100013,10357,1.0,0.15530328,0.0,0.0,1.0776516,1.0776516
USU,100019,100114,1.0,0.109161094,0.0,0.0,1.0545806,1.0545806
USU,100019,100358,1.0,0.15596715,0.0,0.0,1.0779836,1.0779836
USU,100019,100376,1.0,0.15405579,0.0,0.0,1.0770279,1.0770279
USU,100019,100453,1.0,0.084638536,0.0,0.0,1.0423193,1.0423193
USU,100019,100575,1.0,0.14228667,0.0,0.0,1.0711434,1.0711434
USU,100019,100708,1.0,0.1565084,0.0,0.0,1.0782542,1.0782542
USU,100019,10073,1.0,0.123846985,0.0,0.0,1.0619235,1.0619235
USU,100019,100862,1.0,0.15129465,0.0,0.0,1.0756474,1.0756474
USU,100019,100872,1.0,0.13771921,0.0,0.0,1.0688596,1.0688596
USU,100019,100874,1.0,0.100272514,0.0,0.0,1.0501362,1.0501362
USU,100019,101038,1.0,0.15134414,0.0,0.0,1.075672,1.075672
USU,100019,10106,1.0,0.14395282,0.0,0.0,1.0719764,1.0719764
USU,100019,101122,1.0,0.087343745,0.0,0.0,1.0436718,1.0436718
USU,100019,101184,1.0,0.151673,0.0,0.0,1.0758365,1.0758365
USU,100019,101209,1.0,0.15639724,0.0,0.0,1.0781987,1.0781987
USU,100019,101246,1.0,0.12875377,0.0,0.0,1.0643768,1.0643768
USU,100019,101280,1.0,0.12615986,0.0,0.0,1.06308,1.06308
USU,100019,101326,1.0,0.15623586,0.0,0.0,1.078118,1.078118
USU,100019,10134,1.0,0.15384689,0.0,0.0,1.0769235,1.0769235
USU,100019,101348,1.0,0.13473693,0.0,0.0,1.0673685,1.0673685
USU,100114,100019,1.0,0.109161094,0.0,0.0,1.0545806,1.0545806
USU,100114,100358,1.0,0.14338765,0.0,0.0,1.0716938,1.0716938
USU,100114,100376,1.0,0.14117181,0.0,0.0,1.070586,1.070586
USU,100114,100453,1.0,0.0804938,0.0,0.0,1.0402468,1.0402468
USU,100114,100575,1.0,0.13116784,0.0,0.0,1.065584,1.065584
USU,100114,100708,1.0,0.1437426,0.0,0.0,1.0718713,1.0718713
USU,100114,10073,1.0,0.11430319,0.0,0.0,1.0571516,1.0571516
USU,100114,100862,1.0,0.13930833,0.0,0.0,1.0696542,1.0696542
USU,100114,100872,1.0,0.1270053,0.0,0.0,1.0635027,1.0635027
USU,100114,100874,1.0,0.09532858,0.0,0.0,1.0476643,1.0476643
USU,100114,101038,1.0,0.13935256,0.0,0.0,1.0696763,1.0696763
USU,100114,10106,1.0,0.13268223,0.0,0.0,1.0663412,1.0663412
USU,100114,101122,1.0,0.08306155,0.0,0.0,1.0415307,1.0415307
USU,100114,101184,1.0,0.1396462,0.0,0.0,1.0698231,1.0698231
USU,100114,101209,1.0,0.1437156,0.0,0.0,1.0718578,1.0718578
USU,100114,101246,1.0,0.11880349,0.0,0.0,1.0594018,1.0594018
USU,100114,101280,1.0,0.11642527,0.0,0.0,1.0582126,1.0582126
USU,100114,101326,1.0,0.14359933,0.0,0.0,1.0717996,1.0717996
USU,100114,10134,1.0,0.1415723,0.0,0.0,1.0707861,1.0707861
USU,100114,101348,1.0,0.124280766,0.0,0.0,1.0621403,1.0621403
USU,100179,100877,1.0,0.10544357,0.0,0.0,1.0527217,1.0527217
USU,100179,10137,1.0,0.191262,0.0,0.0,1.095631,1.095631
USU,100179,10154,1.0,0.12832561,0.0,0.0,1.0641629,1.0641629
USU,100179,101719,1.0,0.19242659,0.0,0.0,1.0962133,1.0962133
USU,100179,101848,1.0,0.15573286,0.0,0.0,1.0778664,1.0778664
USU,100179,102156,1.0,0.19230215,0.0,0.0,1.0961511,1.0961511
USU,100179,102718,1.0,0.1835815,0.0,0.0,1.0917908,1.0917908
USU,100179,103089,1.0,0.17792232,0.0,0.0,1.0889611,1.0889611
USU,100179,103531,1.0,0.18755299,0.0,0.0,1.0937765,1.0937765
USU,100179,103699,1.0,0.19041549,0.0,0.0,1.0952077,1.0952077
USU,100179,103738,1.0,0.1923852,0.0,0.0,1.0961926,1.0961926
USU,100179,103893,1.0,0.18673104,0.0,0.0,1.0933656,1.0933656
USU,100179,104085,1.0,0.10991359,0.0,0.0,1.0549568,1.0549568
USU,100179,104666,1.0,0.18917589,0.0,0.0,1.0945879,1.0945879
USU,100179,104962,1.0,0.17887074,0.0,0.0,1.0894353,1.0894353
USU,100179,105125,1.0,0.17666003,0.0,0.0,1.08833,1.08833
USU,100179,105248,1.0,0.16848321,0.0,0.0,1.0842416,1.0842416
USU,100179,105620,1.0,0.106162496,0.0,0.0,1.0530813,1.0530813
USU,100179,105822,1.0,0.1755191,0.0,0.0,1.0877595,1.0877595
USU,100179,106938,1.0,0.18503456,0.0,0.0,1.0925173,1.0925173
USU,10021,100349,1.0,0.32767606,0.0,0.0,1.163838,1.163838
USU,10021,100357,1.0,0.4061281,0.0,0.0,1.2030641,1.2030641
USU,10021,100374,1.0,0.4060075,0.0,0.0,1.2030038,1.2030038
USU,10021,100438,1.0,0.25108904,0.0,0.0,1.1255445,1.1255445
USU,10021,100828,1.0,0.403361,0.0,0.0,1.2016805,1.2016805
USU,10021,100902,1.0,0.35186976,0.0,0.0,1.1759349,1.1759349
USU,10021,100997,1.0,0.3881484,0.0,0.0,1.1940742,1.1940742
USU,10021,101218,1.0,0.40375903,0.0,0.0,1.2018795,1.2018795
USU,10021,101452,1.0,0.3970444,0.0,0.0,1.1985222,1.1985222
USU,10021,101570,1.0,0.4012092,0.0,0.0,1.2006046,1.2006046
USU,10021,101957,1.0,0.3824315,0.0,0.0,1.1912158,1.1912158
USU,10021,102159,1.0,0.32079372,0.0,0.0,1.1603968,1.1603968
USU,10021,102483,1.0,0.29289863,0.0,0.0,1.1464493,1.1464493
USU,10021,102587,1.0,0.25630844,0.0,0.0,1.1281543,1.1281543
USU,10021,102980,1.0,0.2371845,0.0,0.0,1.1185923,1.1185923
USU,10021,103105,1.0,0.4053876,0.0,0.0,1.2026938,1.2026938
USU,10021,103124,1.0,0.17721929,0.0,0.0,1.0886097,1.0886097
USU,10021,103144,1.0,0.4053835,0.0,0.0,1.2026918,1.2026918
USU,10021,103230,1.0,0.28824127,0.0,0.0,1.1441207,1.1441207
USU,10021,103557,1.0,0.4034794,0.0,0.0,1.2017397,1.2017397
USU,100341,101064,1.0,0.19726789,0.0,0.0,1.098634,1.098634
USU,100341,101086,1.0,0.2079502,0.0,0.0,1.103975,1.103975
USU,100341,101097,1.0,0.20561144,0.0,0.0,1.1028057,1.1028057
USU,100341,101259,1.0,0.20780982,0.0,0.0,1.103905,1.103905
USU,100341,102437,1.0,0.19895549,0.0,0.0,1.0994778,1.0994778
USU,100341,102662,1.0,0.20575096,0.0,0.0,1.1028755,1.1028755
USU,100341,103123,1.0,0.20599285,0.0,0.0,1.1029965,1.1029965
USU,100341,103304,1.0,0.20209236,0.0,0.0,1.1010462,1.1010462
USU,100341,103756,1.0,0.20697275,0.0,0.0,1.1034864,1.1034864
USU,100341,104607,1.0,0.20786713,0.0,0.0,1.1039336,1.1039336
USU,100341,104852,1.0,0.20795174,0.0,0.0,1.1039759,1.1039759
USU,100341,104858,1.0,0.20669758,0.0,0.0,1.1033487,1.1033487
USU,100341,104866,1.0,0.17525513,0.0,0.0,1.0876275,1.0876275
USU,100341,106417,1.0,0.2065892,0.0,0.0,1.1032946,1.1032946
USU,100341,108575,1.0,0.20700411,0.0,0.0,1.103502,1.103502
USU,100341,108600,1.0,0.20715861,0.0,0.0,1.1035793,1.1035793
USU,100341,109786,1.0,0.20232691,0.0,0.0,1.1011635,1.1011635
USU,100341,110005,1.0,0.2019324,0.0,0.0,1.1009662,1.1009662
USU,100341,110085,1.0,0.14835757,0.0,0.0,1.0741788,1.0741788
USU,100341,112136,1.0,0.20706259,0.0,0.0,1.1035312,1.1035312
USU,100349,10021,1.0,0.32767606,0.0,0.0,1.163838,1.163838
USU,100349,100357,1.0,0.32827282,0.0,0.0,1.1641364,1.1641364
USU,100349,100374,1.0,0.32843018,0.0,0.0,1.1642151,1.1642151
USU,100349,100438,1.0,0.24600449,0.0,0.0,1.1230023,1.1230023
USU,100349,100828,1.0,0.32779416,0.0,0.0,1.163897,1.163897
USU,100349,100902,1.0,0.32248476,0.0,0.0,1.1612424,1.1612424
USU,100349,100997,1.0,0.32667688,0.0,0.0,1.1633384,1.1633384
USU,100349,101218,1.0,0.32798028,0.0,0.0,1.1639901,1.1639901
USU,100349,101452,1.0,0.3273188,0.0,0.0,1.1636593,1.1636593
USU,100349,101570,1.0,0.32757065,0.0,0.0,1.1637853,1.1637853
USU,100349,101957,1.0,0.32618767,0.0,0.0,1.1630938,1.1630938
USU,100349,102159,1.0,0.31167796,0.0,0.0,1.155839,1.155839
USU,100349,102483,1.0,0.28547314,0.0,0.0,1.1427366,1.1427366
USU,100349,102587,1.0,0.2509458,0.0,0.0,1.1254729,1.1254729
USU,100349,102980,1.0,0.23281905,0.0,0.0,1.1164095,1.1164095
USU,100349,103105,1.0,0.32852447,0.0,0.0,1.1642623,1.1642623
USU,100349,103124,1.0,0.17552947,0.0,0.0,1.0877647,1.0877647
USU,100349,103144,1.0,0.32852393,0.0,0.0,1.1642619,1.1642619
USU,100349,103230,1.0,0.28108862,0.0,0.0,1.1405443,1.1405443
USU,100349,103557,1.0,0.3278508,0.0,0.0,1.1639254,1.1639254
USU,100357,10021,1.0,0.4061281,0.0,0.0,1.2030641,1.2030641
USU,100357,100349,1.0,0.32827282,0.0,0.0,1.1641364,1.1641364
USU,100357,100374,1.0,0.45282036,0.0,0.0,1.2264102,1.2264102
USU,100357,100438,1.0,0.24975234,0.0,0.0,1.1248761,1.1248761
USU,100357,100828,1.0,0.4084998,0.0,0.0,1.2042499,1.2042499
USU,100357,100902,1.0,0.35319346,0.0,0.0,1.1765968,1.1765968
USU,100357,100997,1.0,0.39064565,0.0,0.0,1.1953229,1.1953229
USU,100357,101218,1.0,0.41267818,0.0,0.0,1.2063391,1.2063391
USU,100357,101452,1.0,0.39984322,0.0,0.0,1.1999216,1.1999216
USU,100357,101570,1.0,0.40415093,0.0,0.0,1.2020755,1.2020755
USU,100357,101957,1.0,0.38473773,0.0,0.0,1.1923689,1.1923689
USU,100357,102159,1.0,0.32119268,0.0,0.0,1.1605964,1.1605964
USU,100357,102483,1.0,0.29254106,0.0,0.0,1.1462705,1.1462705
USU,100357,102587,1.0,0.25508264,0.0,0.0,1.1275413,1.1275413
USU,100357,102980,1.0,0.23556997,0.0,0.0,1.117785,1.117785
USU,100357,103105,1.0,0.43575084,0.0,0.0,1.2178755,1.2178755
USU,100357,103124,1.0,0.17474881,0.0,0.0,1.0873744,1.0873744
USU,100357,103144,1.0,0.43566963,0.0,0.0,1.2178348,1.2178348
USU,100357,103230,1.0,0.2877649,0.0,0.0,1.1438825,1.1438825
USU,100357,103557,1.0,0.4097073,0.0,0.0,1.2048537,1.2048537
USU,100358,100019,1.0,0.15596715,0.0,0.0,1.0779836,1.0779836
USU,100358,100114,1.0,0.14338765,0.0,0.0,1.0716938,1.0716938
USU,100358,100376,1.0,0.34574017,0.0,0.0,1.17287,1.17287
USU,100358,100453,1.0,0.10995397,0.0,0.0,1.0549769,1.0549769
USU,100358,100575,1.0,0.22859776,0.0,0.0,1.1142988,1.1142988
USU,100358,100708,1.0,0.3424287,0.0,0.0,1.1712143,1.1712143
USU,100358,10073,1.0,0.1692595,0.0,0.0,1.0846298,1.0846298
USU,100358,100862,1.0,0.27932212,0.0,0.0,1.1396611,1.1396611
USU,100358,100872,1.0,0.21062459,0.0,0.0,1.1053123,1.1053123
USU,100358,100874,1.0,0.13118047,0.0,0.0,1.0655903,1.0655903
USU,100358,101038,1.0,0.27971053,0.0,0.0,1.1398553,1.1398553
USU,100358,10106,1.0,0.23605178,0.0,0.0,1.1180259,1.1180259
USU,100358,101122,1.0,0.11360411,0.0,0.0,1.056802,1.056802
USU,100358,101184,1.0,0.2823473,0.0,0.0,1.1411736,1.1411736
USU,100358,101209,1.0,0.34013802,0.0,0.0,1.170069,1.170069
USU,100358,101246,1.0,0.18224947,0.0,0.0,1.0911248,1.0911248
USU,100358,101280,1.0,0.17520559,0.0,0.0,1.0876029,1.0876029
USU,100358,101326,1.0,0.33891368,0.0,0.0,1.1694568,1.1694568
USU,100358,10134,1.0,0.3031096,0.0,0.0,1.1515548,1.1515548
USU,100358,101348,1.0,0.20035821,0.0,0.0,1.1001791,1.1001791
USU,100374,10021,1.0,0.4060075,0.0,0.0,1.2030038,1.2030038
USU,100374,100349,1.0,0.32843018,0.0,0.0,1.1642151,1.1642151
USU,100374,100357,1.0,0.45282036,0.0,0.0,1.2264102,1.2264102
USU,100374,100438,1.0,0.25012085,0.0,0.0,1.1250604,1.1250604
USU,100374,100828,1.0,0.4083699,0.0,0.0,1.204185,1.204185
USU,100374,100902,1.0,0.35326806,0.0,0.0,1.1766341,1.1766341
USU,100374,100997,1.0,0.39058462,0.0,0.0,1.1952924,1.1952924
USU,100374,101218,1.0,0.4125318,0.0,0.0,1.2062659,1.2062659
USU,100374,101452,1.0,0.399747,0.0,0.0,1.1998734,1.1998734
USU,100374,101570,1.0,0.40403804,0.0,0.0,1.202019,1.202019
USU,100374,101957,1.0,0.38469893,0.0,0.0,1.1923494,1.1923494
USU,100374,102159,1.0,0.32137236,0.0,0.0,1.1606861,1.1606861
USU,100374,102483,1.0,0.29280484,0.0,0.0,1.1464024,1.1464024
USU,100374,102587,1.0,0.25543964,0.0,0.0,1.1277199,1.1277199
USU,100374,102980,1.0,0.2359667,0.0,0.0,1.1179833,1.1179833
USU,100374,103105,1.0,0.43551117,0.0,0.0,1.2177556,1.2177556
USU,100374,103124,1.0,0.17521994,0.0,0.0,1.08761,1.08761
USU,100374,103144,1.0,0.43543026,0.0,0.0,1.2177151,1.2177151
USU,100374,103230,1.0,0.2880417,0.0,0.0,1.1440208,1.1440208
USU,100374,103557,1.0,0.40957266,0.0,0.0,1.2047863,1.2047863
LogicAE_CB,100013,50696,0.7999354,0.10534526,0.0,0.0,1.0526726,0.8420701
LogicAE_CB,100013,36718,0.7999176,0.099953294,0.0,0.0,1.0499766,0.8398947
LogicAE_CB,100013,99721,0.79990846,0.113617726,0.0,0.0,1.0568088,0.8453503
LogicAE_CB,100013,37561,0.7999078,0.09265118,0.0,0.0,1.0463256,0.836964
LogicAE_CB,100013,24037,0.79989874,0.09664478,0.0,0.0,1.0483224,0.8385518
LogicAE_CB,100013,72426,0.7998855,0.10048489,0.0,0.0,1.0502424,0.8400737
LogicAE_CB,100013,20496,0.599938,0.1113849,0.0,0.0,1.0556924,0.63334996
LogicAE_CB,100013,11177,0.59993243,0.116543844,0.0,0.0,1.0582719,0.6348916
LogicAE_CB,100013,110003,0.59993047,0.1103486,0.0,0.0,1.0551744,0.63303125
LogicAE_CB,100013,100976,0.59992945,0.10089866,0.0,0.0,1.0504494,0.6301955
LogicAE_CB,100013,127240,0.59992635,0.113286,0.0,0.0,1.056643,0.633908
LogicAE_CB,100013,39559,0.59992296,0.09740676,0.0,0.0,1.0487034,0.6291413
LogicAE_CB,100013,74862,0.5999217,0.10324375,0.0,0.0,1.0516219,0.6308908
LogicAE_CB,100013,106606,0.5999208,0.102734596,0.0,0.0,1.0513673,0.6307371
LogicAE_CB,100013,16624,0.5999142,0.11809318,0.0,0.0,1.0590466,0.6353371
LogicAE_CB,100013,122514,0.5999129,0.120220855,0.0,0.0,1.0601104,0.63597393
LogicAE_CB,100013,120421,0.5999121,0.116896704,0.0,0.0,1.0584483,0.63497597
LogicAE_CB,100013,90716,0.5999112,0.12010792,0.0,0.0,1.060054,0.6359382
LogicAE_CB,100013,61926,0.59990895,0.11274907,0.0,0.0,1.0563745,0.63372856
LogicAE_CB,100013,199690,0.5999087,0.11661838,0.0,0.0,1.0583092,0.6348889
LogicAE_CB,100019,74828,0.79994357,0.10981171,0.0,0.0,1.0549059,0.84386516
LogicAE_CB,100019,27317,0.7999174,0.1303891,0.0,0.0,1.0651946,0.8520677
LogicAE_CB,100019,8257,0.7999119,0.09999585,0.1974857,0.01974775,1.0957806,0.87652797
LogicAE_CB,100019,68375,0.7999004,0.12885419,0.0,0.0,1.0644271,0.8514357
LogicAE_CB,100019,96452,0.7998985,0.12772784,0.0,0.0,1.0638639,0.85098314
LogicAE_CB,100019,94228,0.7998946,0.10163052,0.0,0.0,1.0508152,0.8405414
LogicAE_CB,100019,19159,0.7998946,0.12401396,0.0,0.0,1.062007,0.8494936
LogicAE_CB,100019,32579,0.7998936,0.13636163,0.0,0.0,1.0681808,0.85443103
LogicAE_CB,100019,16202,0.7998917,0.10202282,0.0,0.0,1.0510114,0.8406953
LogicAE_CB,100019,55636,0.5999385,0.13079621,0.0,0.0,1.0653981,0.6391733
LogicAE_CB,100019,74155,0.5999268,0.1346535,0.0,0.0,1.0673268,0.640318
LogicAE_CB,100019,45519,0.59992605,0.12807134,0.0,0.0,1.0640357,0.63834274
LogicAE_CB,100019,46600,0.59992504,0.13553824,0.0,0.0,1.0677692,0.6405815
LogicAE_CB,100019,43300,0.5999228,0.10605844,0.0,0.0,1.0530292,0.63173616
LogicAE_CB,100019,35950,0.59992236,0.136483,0.0,0.0,1.0682415,0.6408619
LogicAE_CB,100019,49458,0.5999212,0.1260493,0.0,0.0,1.0630246,0.6377311
LogicAE_CB,100019,131851,0.5999204,0.13052545,0.0,0.0,1.0652627,0.6390728
LogicAE_CB,100019,8013,0.5999198,0.12645033,0.0,0.0,1.0632252,0.6378498
LogicAE_CB,100019,58459,0.5999175,0.13530831,0.0,0.0,1.0676541,0.64050436
LogicAE_CB,100019,115555,0.59991527,0.11338909,0.0,0.0,1.0566945,0.63392717
LogicAE_CB,100114,84076,0.7999419,0.10363572,0.0,0.0,1.0518179,0.8413932
LogicAE_CB,100114,28436,0.79989916,0.10152935,0.0,0.0,1.0507647,0.8405058
LogicAE_CB,100114,57542,0.599946,0.10440823,0.0,0.0,1.0522041,0.6312657
LogicAE_CB,100114,49537,0.59994143,0.103721075,0.0,0.0,1.0518606,0.63105476
LogicAE_CB,100114,125558,0.59993935,0.10356688,0.0,0.0,1.0517834,0.6310063
LogicAE_CB,100114,83964,0.5999297,0.09602023,0.0,0.0,1.0480101,0.6287324
LogicAE_CB,100114,59709,0.59992856,0.10128842,0.0,0.0,1.0506442,0.6303114
LogicAE_CB,100114,213097,0.59992826,0.10485774,0.0,0.0,1.0524288,0.6313818
LogicAE_CB,100114,16595,0.5999255,0.09340858,0.0,0.0,1.0467043,0.6279446
LogicAE_CB,100114,16100,0.5999197,0.10425742,0.0,0.0,1.0521287,0.6311927
LogicAE_CB,100114,70457,0.5999177,0.09661212,0.0,0.0,1.0483061,0.6288974
LogicAE_CB,100114,41440,0.5999161,0.10218565,0.0,0.0,1.0510929,0.63056755
LogicAE_CB,100114,182920,0.59991354,0.105217166,0.0,0.0,1.0526086,0.63147414
LogicAE_CB,100114,181135,0.5999079,0.10178767,0.0,0.0,1.0508938,0.63043946
LogicAE_CB,100114,55848,0.59990466,0.09383871,0.0,0.0,1.0469193,0.6280518
LogicAE_CB,100114,62623,0.59990275,0.097813085,0.0,0.0,1.0489066,0.62924194
LogicAE_CB,100114,96110,0.5999027,0.10141027,0.0,0.0,1.0507052,0.63032085
LogicAE_CB,100114,88118,0.59990233,0.0975503,0.0,0.0,1.0487752,0.62916267
LogicAE_CB,100114,172586,0.5999023,0.10230551,0.0,0.0,1.0511527,0.6305889
LogicAE_CB,100114,66498,0.5998994,0.094015926,0.0,0.0,1.0470079,0.62809944
LogicAE_CB,100179,27906,0.59992516,0.1255684,0.0,0.0,1.0627842,0.637591
LogicAE_CB,100179,23852,0.5999227,0.11870197,0.0,0.0,1.059351,0.6355287
LogicAE_CB,100179,58441,0.599915,0.16465198,0.0,0.0,1.0823259,0.6493036
LogicAE_CB,100179,69368,0.59990704,0.14152065,0.0,0.0,1.0707604,0.6423567
LogicAE_CB,100179,35950,0.5999046,0.16589057,0.0,0.0,1.0829453,0.64966387
LogicAE_CB,100179,9526,0.59990317,0.12126627,0.0,0.0,1.0606332,0.6362772
LogicAE_CB,100179,106472,0.5999025,0.16693997,0.0,0.0,1.08347,0.6499764
LogicAE_CB,100179,13530,0.59989965,0.16628788,0.0,0.0,1.083144,0.64977765
LogicAE_CB,100179,13539,0.59989613,0.1596238,0.0,0.0,1.0798119,0.647775
LogicAE_CB,100179,74994,0.59989244,0.15716921,0.0,0.0,1.0785846,0.6470347
LogicAE_CB,100179,55636,0.59989244,0.15763962,0.0,0.0,1.0788198,0.6471758
LogicAE_CB,100179,27514,0.5998918,0.16711111,0.0,0.0,1.0835556,0.65001607
LogicAE_CB,100179,49458,0.5998915,0.14709285,0.0,0.0,1.0735464,0.6440114
LogicAE_CB,100179,58459,0.5998906,0.16442677,0.0,0.0,1.0822134,0.6492096
LogicAE_CB,100179,16357,0.59989,0.1664842,0.0,0.0,1.083242,0.64982605
LogicAE_CB,100179,58238,0.5998867,0.16654651,0.0,0.0,1.0832733,0.64984125
LogicAE_CB,10021,26991,0.79991126,0.34054384,0.0,0.0,1.1702719,0.93611366
LogicAE_CB,10021,120069,0.7999002,0.4032099,0.0,0.0,1.201605,0.961164
LogicAE_CB,10021,166663,0.5999364,0.4034894,0.0,0.0,1.2017447,0.7209704
LogicAE_CB,10021,103164,0.5999301,0.4033277,0.0,0.0,1.2016639,0.7209143
LogicAE_CB,10021,38881,0.59993005,0.32583407,0.0,0.0,1.162917,0.69766885
LogicAE_CB,10021,182042,0.5999295,0.40161598,0.0,0.0,1.200808,0.7204002
LogicAE_CB,10021,47060,0.59992933,0.40330696,0.0,0.0,1.2016535,0.72090715
LogicAE_CB,10021,95782,0.59992486,0.3995438,0.0,0.0,1.1997719,0.719773
LogicAE_CB,10021,40854,0.59992474,0.3771336,0.0,0.0,1.1885668,0.71305066
LogicAE_CB,10021,14096,0.59992456,0.358495,0.0,0.0,1.1792475,0.70745957
LogicAE_CB,10021,34045,0.5999245,0.33320883,0.0,0.0,1.1666044,0.6998746
LogicAE_CB,10021,67883,0.59992284,0.35875413,0.0,0.0,1.1793771,0.70753527
LogicAE_CB,10021,39876,0.59992015,0.39874184,0.0,0.0,1.1993709,0.71952677
LogicAE_CB,10021,92430,0.5999193,0.39911854,0.0,0.0,1.1995592,0.71963876
LogicAE_CB,10021,106117,0.5999192,0.40271103,0.0,0.0,1.2013555,0.7207162
LogicAE_CB,10021,15454,0.5999191,0.2781264,0.0,0.0,1.1390632,0.6833458
LogicAE_CB,10021,39416,0.5999174,0.34789917,0.0,0.0,1.1739496,0.7042728
LogicAE_CB,10021,36767,0.59991705,0.23018056,0.0,0.0,1.1150903,0.66896164
LogicAE_CB,10021,86682,0.5999168,0.38997275,0.0,0.0,1.1949863,0.7168924
LogicAE_CB,10021,28031,0.5999166,0.28174385,0.0,0.0,1.1408719,0.684428
LogicAE_CB,100341,16151,0.59990835,0.17973633,0.0,0.0,1.0898682,0.65382105
LogicAE_CB,100341,118598,0.59989214,0.18602851,0.0,0.0,1.0930142,0.65569067
LogicAE_CB,100341,52752,0.59988797,0.18700415,0.0,0.0,1.093502,0.65597874
LogicAE_CB,100341,110998,0.5998859,0.17974767,0.0,0.0,1.0898738,0.6537999
LogicAE_CB,100349,129788,0.5999355,0.2820434,0.0,0.0,1.1410217,0.68453944
LogicAE_CB,100349,13189,0.59992874,0.28419313,0.0,0.0,1.1420965,0.68517655
LogicAE_CB,100349,219381,0.5999285,0.29019725,0.0,0.0,1.1450987,0.6869773
LogicAE_CB,100349,104904,0.599926,0.2906191,0.0,0.0,1.1453096,0.687101
LogicAE_CB,100349,115432,0.5999227,0.2928058,0.0,0.0,1.1464028,0.6877531
LogicAE_CB,100349,133125,0.59992015,0.24408159,0.0,0.0,1.1220407,0.67313486
LogicAE_CB,100349,20359,0.5999144,0.2516146,0.0,0.0,1.1258073,0.675388
LogicAE_CB,100349,81408,0.5999101,0.26700345,0.0,0.0,1.1335018,0.6799991
LogicAE_CB,100349,33277,0.59990966,0.29095602,0.0,0.0,1.145478,0.6871833
LogicAE_CB,100349,92444,0.5999079,0.31451818,0.0,0.0,1.1572591,0.69424886
LogicAE_CB,100349,97855,0.5999063,0.28838947,0.0,0.0,1.1441947,0.68640965
LogicAE_CB,100349,104666,0.5999047,0.30934644,0.0,0.0,1.1546732,0.6926939
LogicAE_CB,100349,50739,0.5999037,0.2856773,0.0,0.0,1.1428387,0.6855932
LogicAE_CB,100349,42927,0.5999013,0.26470885,0.0,0.0,1.1323544,0.6793009
LogicAE_CB,100349,75402,0.5998975,0.3167752,0.0,0.0,1.1583877,0.69491386
LogicAE_CB,100349,40035,0.5998958,0.22864197,0.0,0.0,1.114321,0.66847646
LogicAE_CB,100349,61568,0.5998951,0.28920746,0.0,0.0,1.1446037,0.68664217
LogicAE_CB,100349,21537,0.599895,0.20549396,0.0,0.0,1.102747,0.6615324
LogicAE_CB,100349,6343,0.59988976,0.31600636,0.0,0.0,1.1580032,0.69467425
LogicAE_CB,100349,39424,0.59988976,0.2775977,0.0,0.0,1.1387988,0.68315375
LogicAE_CB,100357,24938,0.5999168,0.441105,0.0,0.0,1.2205524,0.73222995
LogicAE_CB,100357,38291,0.5998963,0.449401,0.0,0.0,1.2247005,0.7346933
LogicAE_CB,100357,36804,0.5998961,0.45811206,0.0,0.0,1.229056,0.7373059
LogicAE_CB,100357,74309,0.5998934,0.44760054,0.0,0.0,1.2238003,0.7341497
LogicAE_CB,100357,16114,0.599889,0.342041,0.0,0.0,1.1710205,0.7024823
LogicAE_CB,100357,22282,0.59988475,0.4578913,0.0,0.0,1.2289456,0.7372257
LogicAE_CB,100357,37506,0.39990988,0.4382595,0.0,0.0,1.2191298,0.48754206
LogicAE_CB,100358,52586,0.7999183,0.28815752,0.0,0.0,1.1440787,0.9151695
LogicAE_CB,100358,96044,0.7999002,0.29183644,0.0,0.0,1.1459183,0.9166202
LogicAE_CB,100358,19657,0.79988587,0.33814263,0.0,0.0,1.1690713,0.9351236
LogicAE_CB,100358,9885,0.59993386,0.21353188,0.0,0.0,1.106766,0.6639864
LogicAE_CB,100358,65752,0.599929,0.3145386,0.0,0.0,1.1572692,0.6942794
LogicAE_CB,100358,73320,0.5999212,0.31240556,0.0,0.0,1.1562028,0.6936306
LogicAE_CB,100358,88660,0.5999168,0.33697096,0.0,0.0,1.1684855,0.70099413
LogicAE_CB,100358,33985,0.5999165,0.30111685,0.0,0.0,1.1505585,0.690239
LogicAE_CB,100358,18034,0.5999163,0.33341268,0.0,0.0,1.1667063,0.69992614
LogicAE_CB,100358,75165,0.59991556,0.33197883,0.0,0.0,1.1659894,0.6994952
LogicAE_CB,100358,86103,0.5999153,0.33418334,0.0,0.0,1.1670916,0.70015615
LogicAE_CB,100358,77442,0.5999125,0.33754644,0.0,0.0,1.1687732,0.7011617
LogicAE_CB,100358,77558,0.59991235,0.2796629,0.0,0.0,1.1398314,0.68379897
LogicAE_CB,100358,57609,0.5999122,0.33864456,0.0,0.0,1.1693223,0.7014907
LogicAE_CB,100358,19563,0.59991163,0.33500135,0.0,0.0,1.1675007,0.70039725
LogicAE_CB,100358,17835,0.59990835,0.24859673,0.0,0.0,1.1242983,0.67447597
LogicAE_CB,100358,17490,0.5999071,0.15785886,0.0,0.0,1.0789294,0.64725745
LogicAE_CB,100358,90109,0.5999051,0.33154958,0.0,0.0,1.1657748,0.69935423
LogicAE_CB,100358,75783,0.5999038,0.3382316,0.0,0.0,1.1691158,0.701357
LogicAE_CB,100358,54996,0.59990263,0.2999607,0.0,0.0,1.1499803,0.6898762
LogicAE_CB,100374,14881,0.99990153,0.32175764,0.0,0.0,1.1608788,1.1607645
LogicAE_CB,100374,103602,0.7999105,0.43453515,0.0,0.0,1.2172675,0.97370505
LogicAE_CB,100374,21441,0.79990613,0.34791616,0.0,0.0,1.1739581,0.9390563
LogicAE_CB,100374,192007,0.7998988,0.45178157,0.0,0.0,1.2258908,0.98058856
LogicAE_CB,100374,191998,0.7998916,0.45233682,0.0,0.0,1.2261684,0.98080176
LogicAE_CB,100374,190257,0.59993577,0.45253018,0.0,0.0,1.2262651,0.7356803
LogicAE_CB,100374,12198,0.5999242,0.34766313,0.0,0.0,1.1738316,0.70421
LogicAE_CB,100374,123168,0.599924,0.44913957,0.0,0.0,1.2245698,0.7346488
LogicAE_CB,100374,79756,0.5999236,0.4520634,0.0,0.0,1.2260317,0.73552537
LogicAE_CB,100374,45595,0.5999188,0.44350842,0.0,0.0,1.2217542,0.7329533
LogicAE_CB,100374,19614,0.59991664,0.41108325,0.0,0.0,1.2055416,0.72322446
LogicAE_CB,100374,11089,0.5999131,0.42139524,0.0,0.0,1.2106977,0.7263134
LogicAE_CB,100374,15128,0.59989613,0.45148805,0.0,0.0,1.225744,0.7353191
LogicAE_CB,100374,6267,0.5998954,0.45259753,0.0,0.0,1.2262988,0.735651
LogicAE_CB,100374,82551,0.59989095,0.4501304,0.0,0.0,1.2250652,0.73490554
LogicAE_CB,100374,50977,0.59988916,0.40093604,0.0,0.0,1.2004681,0.7201478
LogicAE_CB,100374,48228,0.39993796,0.44114807,0.0,0.0,1.220574,0.48815387
LogicAE_CB,100374,5924,0.39993203,0.4344657,0.0,0.0,1.2172328,0.4868104
LogicAE_CB,100374,42841,0.39992613,0.4051878,0.0,0.0,1.2025939,0.48094872
LogicAE_CB,100374,44271,0.39991286,0.37473735,0.0,0.0,1.1873686,0.47484398
LogicAE_CB,100376,10389,0.99991715,0.36299852,0.0,0.0,1.1814992,1.1814014
LogicAE_CB,100376,142235,0.799927,0.4519209,0.0,0.0,1.2259605,0.9806789
LogicAE_CB,100376,157433,0.79988664,0.4518053,0.0,0.0,1.2259027,0.9805832
LogicAE_CB,100376,60417,0.5999428,0.423182,0.0,0.0,1.211591,0.7268853
LogicAE_CB,100376,6545,0.5999216,0.425683,0.0,0.0,1.2128415,0.7276098
LogicAE_CB,100376,19299,0.59992003,0.41927817,0.0,0.0,1.2096391,0.7256867
LogicAE_CB,100376,22282,0.5999172,0.45182773,0.0,0.0,1.2259139,0.7354468
LogicAE_CB,100376,36804,0.59991384,0.45183665,0.0,0.0,1.2259183,0.7354453
LogicAE_CB,100376,61009,0.5999126,0.41833082,0.0,0.0,1.2091655,0.7253936
LogicAE_CB,100376,37513,0.59990925,0.4386024,0.0,0.0,1.2193012,0.73147005
LogicAE_CB,100376,46333,0.59990454,0.43476924,0.0,0.0,1.2173846,0.73031455
LogicAE_CB,100376,58784,0.5999001,0.41071954,0.0,0.0,1.2053598,0.7230955
LogicAE_CB,100376,66939,0.59989524,0.44396368,0.0,0.0,1.2219819,0.73306113
LogicAE_CB,100376,167744,0.39992103,0.42193246,0.0,0.0,1.2109662,0.48429087
LogicAE_CB,100376,53201,0.39991525,0.3893249,0.0,0.0,1.1946625,0.47776374
LogicAE_CB,100376,24938,0.39989382,0.44080353,0.0,0.0,1.2204018,0.48803112
LogicAE_CB,100409,15577,0.99988544,0.1327011,0.0,0.0,1.0663506,1.0662284
LogicAE_CB,100409,63165,0.79989934,0.17911132,0.0,0.0,1.0895556,0.8715348
LogicAE_CB,100409,36699,0.5999223,0.1891578,0.0,0.0,1.0945789,0.6566623
LogicAE_CB,100409,60606,0.5999056,0.19011006,0.0,0.0,1.095055,0.6569296
LogicAE_CB,100409,110862,0.59989595,0.18861045,0.0,0.0,1.0943053,0.6564693
LogicAE_CB,100409,60737,0.59989357,0.18699868,0.0,0.0,1.0934993,0.6559832
LogicAE_CB,100409,113012,0.59988844,0.19042663,0.0,0.0,1.0952133,0.6570058
LogicAE_CB,100438,15660,0.7998985,0.1467852,0.0,0.0,1.0733926,0.85860515
LogicAE_CB,100438,188478,0.79989797,0.22961293,0.0,0.0,1.1148064,0.8917314
LogicAE_CB,100438,48286,0.59993386,0.22899559,0.0,0.0,1.1144978,0.66862494
LogicAE_CB,100438,33036,0.5999322,0.227407,0.0,0.0,1.1137035,0.66814655
LogicAE_CB,100438,19962,0.59992623,0.201676,0.0,0.0,1.100838,0.66042155
LogicAE_CB,100438,13060,0.59992486,0.16865343,0.0,0.0,1.0843267,0.65051454
LogicAE_CB,100438,24660,0.5999243,0.22816549,0.0,0.0,1.1140827,0.6683653
LogicAE_CB,100438,27145,0.59992343,0.19311114,0.0,0.0,1.0965556,0.6578494
LogicAE_CB,100438,21614,0.59992266,0.16122557,0.0,0.0,1.0806128,0.6482841
LogicAE_CB,100438,123785,0.59992117,0.18753083,0.0,0.0,1.0937654,0.656173
